Sys. No.,OCLC No.
4785,(OCoLC)2344724
4786,(OCoLC)2344718
4787,(OCoLC)2344713
4788,(OCoLC)2344567
4789,(OCoLC)2344720
4790,(OCoLC)2344563
4791,(OCoLC)2344557
4792,(OCoLC)2344560
4793,(OCoLC)2344571
4794,(OCoLC)2344730
4795,(OCoLC)2344714
4796,(OCoLC)2344727
4797,(OCoLC)2344734
4798,(OCoLC)2351214
4799,(OCoLC)2351228
4805,(OCoLC)0686682
6443,(OCoLC)2379736
7701,(OCoLC)2432528
7702,(OCoLC)2432566
7703,(OCoLC)2432813
7704,(OCoLC)2428160
7705,(OCoLC)2432779
7706,(OCoLC)2432678
7707,(OCoLC)2432704
10178,(OCoLC)2581884
11508,(OCoLC)2629559
11509,(OCoLC)2637410
11510,(OCoLC)2629542
11511,(OCoLC)2637278
11512,(OCoLC)2637310
11513,(OCoLC)2637247
11514,(OCoLC)2637075
16747,(OCoLC)2814037
16748,(OCoLC)2813468
16749,(OCoLC)2813396
16934,(OCoLC)2789391
17730,(OCoLC)2899711
17731,(OCoLC)2840888
17732,(OCoLC)2906464
17733,(OCoLC)2899735
20106,(OCoLC)3007406
20107,(OCoLC)3007361
21840,(OCoLC)1390409
21853,(OCoLC)1390409
23818,(OCoLC)1390409
24799,(OCoLC)2344496
28433,(OCoLC)3490378
28435,(OCoLC)3490059
28436,(OCoLC)3490412
28437,(OCoLC)3490396
28438,(OCoLC)3490390
28439,(OCoLC)3490343
28440,(OCoLC)3490241
28441,(OCoLC)3490221
28442,(OCoLC)3490076
28443,(OCoLC)3490094
31097,(OCoLC)3533183
31098,(OCoLC)3532116
31099,(OCoLC)3532129
31100,(OCoLC)3520776
31102,(OCoLC)3533078
31103,(OCoLC)3533236
31104,(OCoLC)3533091
31106,(OCoLC)3533215
33147,(OCoLC)3568560
33148,(OCoLC)3647236
34401,(OCoLC)1390409
37446,(OCoLC)3741590
43701,(OCoLC)3836846
43702,(OCoLC)3836846
43703,(OCoLC)3836846
43707,(OCoLC)3836846
43709,(OCoLC)3836846
43710,(OCoLC)3836846
43712,(OCoLC)3836846
43713,(OCoLC)3836846
43714,(OCoLC)3836846
43715,(OCoLC)3836846
43717,(OCoLC)3836846
49801,(OCoLC)3836846
49802,(OCoLC)3836846
49803,(OCoLC)3836846
49805,(OCoLC)3836846
49806,(OCoLC)3836846
49807,(OCoLC)3836846
49809,(OCoLC)3836846
49810,(OCoLC)3836846
49811,(OCoLC)3836846
49822,(OCoLC)4142726
57609,(OCoLC)3836846
57610,(OCoLC)3836846
57611,(OCoLC)3836846
57613,(OCoLC)3836846
57614,(OCoLC)3836846
57615,(OCoLC)3836846
57616,(OCoLC)3836846
57617,(OCoLC)3836846
57618,(OCoLC)3836846
57619,(OCoLC)3836846
57620,(OCoLC)3836846
57621,(OCoLC)3836846
57622,(OCoLC)3836846
57623,(OCoLC)3836846
57624,(OCoLC)3836846
57625,(OCoLC)3836846
57626,(OCoLC)3836846
57628,(OCoLC)3836846
57629,(OCoLC)3836846
57815,(OCoLC)4400359
60319,(OCoLC)
61274,(OCoLC)3836846
63464,(OCoLC)3836846
64809,(OCoLC)3836846
64810,(OCoLC)3836846
66730,(OCoLC)3836846
66731,(OCoLC)3836846
66733,(OCoLC)3836846
66734,(OCoLC)3836846
68106,(OCoLC)4445927
70217,(OCoLC)3836846
70218,(OCoLC)3836846
70219,(OCoLC)3836846
70220,(OCoLC)3836846
70221,(OCoLC)3836846
71801,(OCoLC)3836846
71802,(OCoLC)3836846
73547,(OCoLC)3836846
73548,(OCoLC)3836846
76219,(OCoLC)3836846
76220,(OCoLC)3836846
76221,(OCoLC)3836846
76222,(OCoLC)3836846
81574,(OCoLC)3836846
81575,(OCoLC)3836846
81576,(OCoLC)3836846
81577,(OCoLC)3836846
83275,(OCoLC)5806375
84670,(OCoLC)3836846
84671,(OCoLC)3836846
84672,(OCoLC)3836846
84673,(OCoLC)3836846
84674,(OCoLC)3836846
87144,(OCoLC)3836846
87145,(OCoLC)3836846
88191,(OCoLC)4445927
88194,(OCoLC)4445927
94606,(OCoLC)4445927
103927,(OCoLC)4445927
103928,(OCoLC)4445927
103933,(OCoLC)4445927
120824,(OCoLC)08020725
122571,(OCoLC)08055216
132043,(OCoLC)07434170
132045,(OCoLC)07434154
135670,(OCoLC)05113578
139524,(OCoLC)08632281
140739,(OCoLC)08605541
141643,(OCoLC)08660081
142926,(OCoLC)08679731
142927,(OCoLC)08652163
142928,(OCoLC)08650008
149059,(OCoLC)07645051
153862,(OCoLC)06664754
153888,(OCoLC)09075662
185161,(OCoLC)10508013
185162,(OCoLC)10508011
185163,(OCoLC)10508017
186386,(OCoLC)10519272
191843,(OCoLC)10881485
193865,(OCoLC)10953403
193866,(OCoLC)11007336
195214,(OCoLC)11056285
195219,(OCoLC)11056299
202108,(OCoLC)11408843
222471,(OCoLC)12429048
234139,(OCoLC)13243615
235783,(OCoLC)13300625
243064,(OCoLC)14095454
251933,(OCoLC)14962785
270140,(OCoLC)16652811
271503,(OCoLC)17486211
272872,(OCoLC)17660906
272873,(OCoLC)17660895
274099,(OCoLC)17785189
289069,(OCoLC)18932770
291011,(OCoLC)17728554
307761,(OCoLC)20972643
311512,(OCoLC)21206690
329948,(OCoLC)
329949,(OCoLC)
329950,(OCoLC)
346908,(OCoLC)23104509
353991,(OCoLC)24061594
370264,(OCoLC)25894970
374201,(OCoLC)26326312
376725,(OCoLC)26606380
385095,(OCoLC)27318672
434582,(OCoLC)32038542
435180,(OCoLC)32074842
440940,(OCoLC)32600859
517997,(OCoLC)43461020
538358,(OCoLC)48380862
580392,(OCoLC)61724044
771621,
772399,
772503,
778299,
778320,
784624,
784686,
784727,
784735,
784756,
787603,
814340,
875747,(OCoLC)808728388
877073,(OCoLC)780028875
894372,(OCoLC)824482555
914311,(OCoLC)865013863
914316,(OCoLC)865078087
914319,(OCoLC)865013050
914374,(OCoLC)865078112
914593,(OCoLC)865013861
914596,(OCoLC)865012919
918050,(OCoLC)868060078
953591,(OCoLC)921838734
953899,(OCoLC)921840849
966830,(OCoLC)948759121
966831,(OCoLC)948759242
968479,(OCoLC)933877044
979853,
984059,
994509,
994546,
1004442,(OCoLC)966677581
1015122,(OCoLC)
1015641,(OCoLC)
1016109,
1016166,(OCoLC)
1017810,(OCoLC)
1017852,(OCoLC
1018239,(OCoLC)
1018340,(OCoLC)
1029025,
1083808,
1083837,(OCoLC)1289932076
1092322,(OCoLC)1108806664
1096984,
1108281,(OCoLC)1277043932
1112944,(OCoLC)1156719150
1123309,
1160486,
1162324,
1164507,
1165504,(OCoLC)1275778812
1165523,(OCoLC)1275779527
1165585,(OCoLC)1277043724
1166182,(OCoLC)1280522441
1178972,(OCoLC)1389408862
1203494,(OCoLC)1347762624
1208278,
1210549,
1217412,
1229669,(OCoLC)17538048
1229694,
1231306,(OCoLC)1390459099
1232200,(OCoLC)26222765
1232707,(OCoLC)1393169252
1232794,(OCoLC)10962042
1233162,(OCoLC)1053066406
1233203,(OCoLC)1394084503
1233420,(OCoLC)1244815639
1233630,(OCoLC)1395395409
1233802,(OCoLC)1395567231
1233851,
