Doc. No.,OCLC No.
20496,(OCoLC)2933616
78155,(OCoLC)5520674
93673,(OCoLC)5998211
112619,(OCoLC)5520263
112621,(OCoLC)5520674
283099,(OCoLC)05520263
297574,(OCoLC)19952966
297575,(OCoLC)19952978
299339,(OCoLC)20224429
299340,(OCoLC)20213140
303997,(OCoLC)20424929
320148,(OCoLC)22255252
322106,(OCoLC)22341307
446811,(OCoLC)33081764
459812,(OCoLC)35037215
460329,(OCoLC)35123470
474251,(OCoLC)37452699
499967,(OCoLC)40748547
611971,(OCoLC)100208069
787798,
812655,(OCoLC)741102374
1062658,(OCoLC)1107322051
1150638,(OCoLC)1251779082
1233018,(OCoLC)1393968641
1255805,(OCoLC)1420381536
1261679,(OCoLC)1252970400
1444276,
1444278,
1444801,(OCoLC)48131811
