System Number ,OCLC
10410,(OCoLC)2198991
37751,(OCoLC)2755171
42087,
390940,(OCoLC)27878117
401814,(OCoLC)28742706
648699,
648816,
674376,(OCoLC)578665
725655,
760875,
760945,
761177,
761335,
761343,
762764,
762914,
763942,
764761,
788376,
798103,
799890,
958318,(OCoLC)700034619
986310,(OCoLC)952486816
996201,
1124342,
1124668,
1175131,(OCoLC)1304494559
1180042,(OCoLC)1596706005
1182783,(OCoLC)1065883740
1189033,(OCoLC)1062824874
1192655,
1201305,(OCoLC)1343963069
1206592,(OCoLC)1350808539
1228205,(OCoLC)1064100414
1242643,(OCoLC)1065805162
1245035,(OCoLC)1066034263
1251276,(OCoLC)631629253
1251523,(OCoLC)631629259
1254351,(OCoLC)1416201169
1263875,(OCoLC)1441084306
1441974,(OCoLC)1063973507
1442663,(OCoLC)1064953938
1451200,(OCoLC)1514613585
1452362,(OCoLC)1065974444
1453926,(OCoLC)1467990554
1453931,(OCoLC)1522967352
1463916,(OCoLC)1558294697
1466599,
1469522,(OCoLC)1579971121
1472621,
1472622,
1472623,
1473132,(OCoLC)1592068606
1474149,
1474285,(OCoLC)1059128279
1474379,(OCoLC)318994817
1474643,
1474765,(OCoLC)1596150739
1474772,(OCoLC)1596152009
1474780,(OCoLC)1596152941
1474850,(OCoLC)1596257345
1474911,(OCoLC)1522510946
1474947,
1474987,(OCoLC)1596705363
1475369,
1475370,
1475371,(OCoLC)821073129
1475522,
1475534,
1475538,
